Workbook

Sheet 登録票
A1: 健診センター予約管理システム 職員アカウント登録票
A2: 記入日： 年 月 日 回収：相葉（DX推進）
A3: 予約管理システムに職員ごとのログインが入ります。アカウントを作成しますので、職員番号とお名前をご記入ください。
A4: ・記入するのは黄色の欄（職員番号・氏名・所属・職種）だけです。職員番号は半角数字で入力してください。
A5: ・最初のパスワード（仮パスワード）は、相葉から口頭でお伝えします。この用紙には書きません。
A6: ・初めてログインしたときに、ご自身のパスワード（8文字以上）に変更してください。
A8: No. | B8: 職員番号 | C8: 氏名 | D8: 所属・職種 | E8: 初回ログイン （相葉記入）
A9: 記入例 | B9: 12345 | C9: 浅井 花子 | D9: 健診センター・看護師 | E9: □
A10: 1 | E10: □
A11: 2 | E11: □
A12: 3 | E12: □
A13: 4 | E13: □
A14: 5 | E14: □
A15: 6 | E15: □
A16: 7 | E16: □
A17: 8 | E17: □
A18: 9 | E18: □
A19: 10 | E19: □
A20: 11 | E20: □
A21: 12 | E21: □
... A49: 40 | E49: □

Sheet SQL貼り付け用
A1: 一括作成SQLの「② 職員の一覧」に貼り付ける行（自動で作られます）
A2: 使い方：「登録票」シートに記入 → 下のB列の行（空でない行）をまとめてコピー → SQLの見本2行と置き換えて貼り付け。登録票は上の行から順に、間を空けずに記入してください。
A4: No. | B4: SQL用の行
A5: =登録票!A10 | B5: =IF(TRIM(登録票!B10)="","","('"&SUBSTITUTE(TRIM(登録票!B10),"'","''")&"', '"&SUBSTITUTE(TRIM(登録票!C10),"'","''")&"')"&IF(TRIM(登録票!B11)="","",","))
A6: =登録票!A11 | B6: =IF(TRIM(登録票!B11)="","","('"&SUBSTITUTE(TRIM(登録票!B11),"'","''")&"', '"&SUBSTITUTE(TRIM(登録票!C11),"'","''")&"')"&IF(TRIM(登録票!B12)="","",","))
A7: =登録票!A12 | B7: =IF(TRIM(登録票!B12)="","","('"&SUBSTITUTE(TRIM(登録票!B12),"'","''")&"', '"&SUBSTITUTE(TRIM(登録票!C12),"'","''")&"')"&IF(TRIM(登録票!B13)="","",","))
A8: =登録票!A13 | B8: =IF(TRIM(登録票!B13)="","","('"&SUBSTITUTE(TRIM(登録票!B13),"'","''")&"', '"&SUBSTITUTE(TRIM(登録票!C13),"'","''")&"')"&IF(TRIM(登録票!B14)="","",","))
A9: =登録票!A14 | B9: =IF(TRIM(登録票!B14)="","","('"&SUBSTITUTE(TRIM(登録票!B14),"'","''")&"', '"&SUBSTITUTE(TRIM(登録票!C14),"'","''")&"')"&IF(TRIM(登録票!B15)="","",","))
A10: =登録票!A15 | B10: =IF(TRIM(登録票!B15)="","","('"&SUBSTITUTE(TRIM(登録票!B15),"'","''")&"', '"&SUBSTITUTE(TRIM(登録票!C15),"'","''")&"')"&IF(TRIM(登録票!B16)="","",","))
A11: =登録票!A16 | B11: =IF(TRIM(登録票!B16)="","","('"&SUBSTITUTE(TRIM(登録票!B16),"'","''")&"', '"&SUBSTITUTE(TRIM(登録票!C16),"'","''")&"')"&IF(TRIM(登録票!B17)="","",","))
A12: =登録票!A17 | B12: =IF(TRIM(登録票!B17)="","","('"&SUBSTITUTE(TRIM(登録票!B17),"'","''")&"', '"&SUBSTITUTE(TRIM(登録票!C17),"'","''")&"')"&IF(TRIM(登録票!B18)="","",","))
A13: =登録票!A18 | B13: =IF(TRIM(登録票!B18)="","","('"&SUBSTITUTE(TRIM(登録票!B18),"'","''")&"', '"&SUBSTITUTE(TRIM(登録票!C18),"'","''")&"')"&IF(TRIM(登録票!B19)="","",","))
A14: =登録票!A19 | B14: =IF(TRIM(登録票!B19)="","","('"&SUBSTITUTE(TRIM(登録票!B19),"'","''")&"', '"&SUBSTITUTE(TRIM(登録票!C19),"'","''")&"')"&IF(TRIM(登録票!B20)="","",","))
A15: =登録票!A20 | B15: =IF(TRIM(登録票!B20)="","","('"&SUBSTITUTE(TRIM(登録票!B20),"'","''")&"', '"&SUBSTITUTE(TRIM(登録票!C20),"'","''")&"')"&IF(TRIM(登録票!B21)="","",","))
A16: =登録票!A21 | B16: =IF(TRIM(登録票!B21)="","","('"&SUBSTITUTE(TRIM(登録票!B21),"'","''")&"', '"&SUBSTITUTE(TRIM(登録票!C21),"'","''")&"')"&IF(TRIM(登録票!B22)="","",","))
... A43: =登録票!A48 | B43: =IF(TRIM(登録票!B48)="","","('"&SUBSTITUTE(TRIM(登録票!B48),"'","''")&"', '"&SUBSTITUTE(TRIM(登録票!C48),"'","''")&"')"&IF(TRIM(登録票!B49)="","",","))
A44: =登録票!A49 | B44: =IF(TRIM(登録票!B49)="","","('"&SUBSTITUTE(TRIM(登録票!B49),"'","''")&"', '"&SUBSTITUTE(TRIM(登録票!C49),"'","''")&"')")
